date,page,clicks,impressions,ctr,position
2026-07-13,https://theinvisiblecharacter.live/,5,90,0.05555555555555555,14.533333333333333
2026-07-05,https://theinvisiblecharacter.live/,4,118,0.03389830508474576,9.296610169491526
2026-07-14,https://theinvisiblecharacter.live/,4,174,0.022988505747126436,16.091954022988507
2026-07-11,https://theinvisiblecharacter.live/,3,103,0.02912621359223301,13.912621359223301
2026-07-16,https://theinvisiblecharacter.live/,3,155,0.01935483870967742,11.729032258064516
2026-06-29,https://theinvisiblecharacter.live/,2,53,0.03773584905660377,13.018867924528301
2026-06-30,https://theinvisiblecharacter.live/,2,63,0.031746031746031744,13.222222222222221
2026-07-02,https://theinvisiblecharacter.live/,2,103,0.019417475728155338,9.54368932038835
2026-07-02,https://theinvisiblecharacter.live/index-fr,2,32,0.0625,9.4375
2026-07-03,https://theinvisiblecharacter.live/,2,88,0.022727272727272728,10.590909090909092
2026-07-04,https://theinvisiblecharacter.live/,2,92,0.021739130434782608,10.619565217391305
2026-07-15,https://theinvisiblecharacter.live/,2,122,0.01639344262295082,14.950819672131148
2026-06-28,https://theinvisiblecharacter.live/index-fr,1,5,0.2,8.6
2026-06-30,https://theinvisiblecharacter.live/index-fr,1,12,0.08333333333333333,7.833333333333333
2026-07-06,https://theinvisiblecharacter.live/,1,58,0.017241379310344827,10.879310344827585
2026-07-06,https://theinvisiblecharacter.live/tiktok-invisible-username-generator,1,17,0.058823529411764705,24.176470588235293
2026-07-07,https://theinvisiblecharacter.live/blog/whatsapp-invisible-messages,1,8,0.125,28.375
2026-07-07,https://theinvisiblecharacter.live/index-fr,1,14,0.07142857142857142,7.857142857142857
2026-07-09,https://theinvisiblecharacter.live/,1,56,0.017857142857142856,10.553571428571429
2026-07-11,https://theinvisiblecharacter.live/index-fr,1,27,0.037037037037037035,7.296296296296297
2026-07-12,https://theinvisiblecharacter.live/,1,68,0.014705882352941176,14.970588235294118
2026-07-13,https://theinvisiblecharacter.live/index-fr,1,55,0.01818181818181818,8.945454545454545
2026-07-14,https://theinvisiblecharacter.live/index-fr,1,52,0.019230769230769232,9.23076923076923
2026-07-15,https://theinvisiblecharacter.live/index-fr,1,59,0.01694915254237288,9.88135593220339
2026-07-16,https://theinvisiblecharacter.live/tiktok-invisible-username-generator,1,12,0.08333333333333333,16.833333333333336
2026-07-17,https://theinvisiblecharacter.live/,1,79,0.012658227848101266,12
2026-07-17,https://theinvisiblecharacter.live/fr/caractere-invisible-tiktok,1,4,0.25,6.5
2026-07-17,https://theinvisiblecharacter.live/index-fr,1,26,0.038461538461538464,10.153846153846153
2026-06-28,https://theinvisiblecharacter.live/,0,37,0,14.81081081081081
2026-06-28,https://theinvisiblecharacter.live/#faq,0,1,0,7
2026-06-28,https://theinvisiblecharacter.live/#features,0,1,0,7
2026-06-28,https://theinvisiblecharacter.live/#how,0,1,0,7
2026-06-28,https://theinvisiblecharacter.live/#tools,0,1,0,7
2026-06-28,https://theinvisiblecharacter.live/#what,0,1,0,7
2026-06-28,https://theinvisiblecharacter.live/#why,0,1,0,7
2026-06-28,https://theinvisiblecharacter.live/about.html,0,1,0,7
2026-06-29,https://theinvisiblecharacter.live/#faq,0,1,0,8
2026-06-29,https://theinvisiblecharacter.live/#features,0,1,0,8
2026-06-29,https://theinvisiblecharacter.live/#how,0,2,0,8
2026-06-29,https://theinvisiblecharacter.live/#tools,0,2,0,8
2026-06-29,https://theinvisiblecharacter.live/#what,0,2,0,8
2026-06-29,https://theinvisiblecharacter.live/#why,0,2,0,8
2026-06-29,https://theinvisiblecharacter.live/about.html,0,1,0,8
2026-06-29,https://theinvisiblecharacter.live/blog/whatsapp-invisible-messages,0,3,0,39
2026-06-29,https://theinvisiblecharacter.live/index-fr,0,3,0,7.666666666666667
2026-06-30,https://theinvisiblecharacter.live/blog/whatsapp-invisible-messages,0,6,0,42.666666666666664
2026-07-01,https://theinvisiblecharacter.live/,0,115,0,16.62608695652174
2026-07-01,https://theinvisiblecharacter.live/#faq,0,2,0,7.5
2026-07-01,https://theinvisiblecharacter.live/#features,0,2,0,7.5
2026-07-01,https://theinvisiblecharacter.live/#how,0,5,0,8.8
2026-07-01,https://theinvisiblecharacter.live/#tools,0,5,0,8.8
2026-07-01,https://theinvisiblecharacter.live/#what,0,5,0,8.8
2026-07-01,https://theinvisiblecharacter.live/#why,0,5,0,8.8
2026-07-01,https://theinvisiblecharacter.live/about.html,0,2,0,7.5
2026-07-01,https://theinvisiblecharacter.live/blog/creative-ways-invisible-characters,0,1,0,2
2026-07-01,https://theinvisiblecharacter.live/blog/whatsapp-invisible-messages,0,4,0,33
2026-07-01,https://theinvisiblecharacter.live/index-fr,0,19,0,8.473684210526315
2026-07-02,https://theinvisiblecharacter.live/#faq,0,7,0,8.857142857142858
2026-07-02,https://theinvisiblecharacter.live/#features,0,7,0,8.857142857142858
2026-07-02,https://theinvisiblecharacter.live/#how,0,10,0,9
2026-07-02,https://theinvisiblecharacter.live/#tools,0,10,0,9
2026-07-02,https://theinvisiblecharacter.live/#what,0,10,0,9
2026-07-02,https://theinvisiblecharacter.live/#why,0,10,0,9
2026-07-02,https://theinvisiblecharacter.live/about.html,0,7,0,8.857142857142858
2026-07-02,https://theinvisiblecharacter.live/blog/whatsapp-invisible-messages,0,5,0,30.4
2026-07-03,https://theinvisiblecharacter.live/#faq,0,1,0,8
2026-07-03,https://theinvisiblecharacter.live/#features,0,1,0,8
2026-07-03,https://theinvisiblecharacter.live/#how,0,2,0,7.5
2026-07-03,https://theinvisiblecharacter.live/#tools,0,2,0,7.5
2026-07-03,https://theinvisiblecharacter.live/#what,0,2,0,7.5
2026-07-03,https://theinvisiblecharacter.live/#why,0,2,0,7.5
2026-07-03,https://theinvisiblecharacter.live/about.html,0,1,0,8
2026-07-03,https://theinvisiblecharacter.live/blog/whatsapp-invisible-messages,0,4,0,12
2026-07-03,https://theinvisiblecharacter.live/index-fr,0,11,0,10.090909090909092
2026-07-03,https://theinvisiblecharacter.live/tools,0,1,0,20
2026-07-04,https://theinvisiblecharacter.live/#faq,0,3,0,8
2026-07-04,https://theinvisiblecharacter.live/#features,0,3,0,8
2026-07-04,https://theinvisiblecharacter.live/#how,0,5,0,9
2026-07-04,https://theinvisiblecharacter.live/#tools,0,5,0,9
2026-07-04,https://theinvisiblecharacter.live/#what,0,5,0,9
2026-07-04,https://theinvisiblecharacter.live/#why,0,5,0,9
2026-07-04,https://theinvisiblecharacter.live/about.html,0,3,0,8
2026-07-04,https://theinvisiblecharacter.live/blog/creative-ways-invisible-characters,0,1,0,6
2026-07-04,https://theinvisiblecharacter.live/blog/fr/,0,1,0,4
2026-07-04,https://theinvisiblecharacter.live/blog/whatsapp-invisible-messages,0,9,0,20.444444444444443
2026-07-04,https://theinvisiblecharacter.live/index-fr,0,19,0,8.105263157894736
2026-07-04,https://theinvisiblecharacter.live/tools,0,1,0,2
2026-07-05,https://theinvisiblecharacter.live/#faq,0,9,0,8.222222222222221
2026-07-05,https://theinvisiblecharacter.live/#features,0,9,0,8.222222222222221
2026-07-05,https://theinvisiblecharacter.live/#how,0,12,0,8.083333333333332
2026-07-05,https://theinvisiblecharacter.live/#tools,0,12,0,8.083333333333332
2026-07-05,https://theinvisiblecharacter.live/#what,0,12,0,8.083333333333332
2026-07-05,https://theinvisiblecharacter.live/#why,0,12,0,8.083333333333332
2026-07-05,https://theinvisiblecharacter.live/about.html,0,9,0,8.222222222222221
2026-07-05,https://theinvisiblecharacter.live/blank-text-generator,0,21,0,69.76190476190476
2026-07-05,https://theinvisiblecharacter.live/blog/fr/,0,3,0,3
2026-07-05,https://theinvisiblecharacter.live/blog/whatsapp-invisible-messages,0,6,0,22.666666666666668
2026-07-05,https://theinvisiblecharacter.live/index-fr,0,12,0,6.166666666666667
2026-07-05,https://theinvisiblecharacter.live/tiktok-invisible-username-generator,0,5,0,25.2
2026-07-06,https://theinvisiblecharacter.live/#faq,0,4,0,9
2026-07-06,https://theinvisiblecharacter.live/#features,0,4,0,9
2026-07-06,https://theinvisiblecharacter.live/#how,0,5,0,9
2026-07-06,https://theinvisiblecharacter.live/#tools,0,5,0,9
2026-07-06,https://theinvisiblecharacter.live/#what,0,5,0,9
2026-07-06,https://theinvisiblecharacter.live/#why,0,5,0,9
2026-07-06,https://theinvisiblecharacter.live/about.html,0,4,0,9
2026-07-06,https://theinvisiblecharacter.live/blank-text-generator,0,59,0,69.49152542372882
2026-07-06,https://theinvisiblecharacter.live/blog/fr/tiktok-profil-caracteres-invisibles,0,1,0,11
2026-07-06,https://theinvisiblecharacter.live/blog/whatsapp-invisible-messages,0,7,0,12.428571428571429
2026-07-06,https://theinvisiblecharacter.live/index-fr,0,15,0,13.333333333333334
2026-07-06,https://theinvisiblecharacter.live/invisible-name-generator,0,1,0,4
2026-07-07,https://theinvisiblecharacter.live/,0,43,0,8.604651162790699
2026-07-07,https://theinvisiblecharacter.live/#faq,0,1,0,8
2026-07-07,https://theinvisiblecharacter.live/#features,0,1,0,8
2026-07-07,https://theinvisiblecharacter.live/#how,0,2,0,8
2026-07-07,https://theinvisiblecharacter.live/#tools,0,2,0,8
2026-07-07,https://theinvisiblecharacter.live/#what,0,2,0,8
2026-07-07,https://theinvisiblecharacter.live/#why,0,2,0,8
2026-07-07,https://theinvisiblecharacter.live/about,0,1,0,4
2026-07-07,https://theinvisiblecharacter.live/about.html,0,1,0,8
2026-07-07,https://theinvisiblecharacter.live/blank-text-generator,0,63,0,60.98412698412698
2026-07-07,https://theinvisiblecharacter.live/blog/creative-ways-invisible-characters,0,6,0,4
2026-07-07,https://theinvisiblecharacter.live/blog/fr/tiktok-profil-caracteres-invisibles,0,2,0,10
2026-07-07,https://theinvisiblecharacter.live/invisible-name-generator,0,11,0,2.5454545454545454
2026-07-07,https://theinvisiblecharacter.live/tiktok-invisible-username-generator,0,32,0,12.65625
2026-07-08,https://theinvisiblecharacter.live/,0,35,0,10.685714285714285
2026-07-08,https://theinvisiblecharacter.live/#faq,0,9,0,8.555555555555555
2026-07-08,https://theinvisiblecharacter.live/#features,0,9,0,8.555555555555555
2026-07-08,https://theinvisiblecharacter.live/#how,0,11,0,8.636363636363637
2026-07-08,https://theinvisiblecharacter.live/#tools,0,11,0,8.636363636363637
2026-07-08,https://theinvisiblecharacter.live/#what,0,11,0,8.636363636363637
2026-07-08,https://theinvisiblecharacter.live/#why,0,11,0,8.636363636363637
2026-07-08,https://theinvisiblecharacter.live/about.html,0,9,0,8.555555555555555
2026-07-08,https://theinvisiblecharacter.live/blank-text-generator,0,52,0,71.42307692307692
2026-07-08,https://theinvisiblecharacter.live/blog/creative-ways-invisible-characters,0,1,0,11
2026-07-08,https://theinvisiblecharacter.live/blog/whatsapp-invisible-messages,0,6,0,17.333333333333332
2026-07-08,https://theinvisiblecharacter.live/index-fr,0,26,0,8.538461538461538
2026-07-08,https://theinvisiblecharacter.live/tiktok-invisible-username-generator,0,7,0,35.285714285714285
2026-07-09,https://theinvisiblecharacter.live/#faq,0,3,0,7.666666666666667
2026-07-09,https://theinvisiblecharacter.live/#features,0,3,0,7.666666666666667
2026-07-09,https://theinvisiblecharacter.live/#how,0,6,0,7.833333333333333
2026-07-09,https://theinvisiblecharacter.live/#tools,0,6,0,7.833333333333333
2026-07-09,https://theinvisiblecharacter.live/#what,0,6,0,7.833333333333333
2026-07-09,https://theinvisiblecharacter.live/#why,0,6,0,7.833333333333333
2026-07-09,https://theinvisiblecharacter.live/about.html,0,3,0,7.666666666666667
2026-07-09,https://theinvisiblecharacter.live/blank-text-generator,0,84,0,70.26190476190476
2026-07-09,https://theinvisiblecharacter.live/blog/creative-ways-invisible-characters,0,1,0,24
2026-07-09,https://theinvisiblecharacter.live/blog/whatsapp-invisible-messages,0,6,0,22.166666666666668
2026-07-09,https://theinvisiblecharacter.live/index-fr,0,9,0,8.777777777777779
2026-07-09,https://theinvisiblecharacter.live/tiktok-invisible-username-generator,0,5,0,25.8
2026-07-10,https://theinvisiblecharacter.live/,0,78,0,14.166666666666666
2026-07-10,https://theinvisiblecharacter.live/#faq,0,4,0,7.5
2026-07-10,https://theinvisiblecharacter.live/#features,0,4,0,7.5
2026-07-10,https://theinvisiblecharacter.live/#how,0,4,0,7.5
2026-07-10,https://theinvisiblecharacter.live/#tools,0,4,0,7.5
2026-07-10,https://theinvisiblecharacter.live/#what,0,4,0,7.5
2026-07-10,https://theinvisiblecharacter.live/#why,0,4,0,7.5
2026-07-10,https://theinvisiblecharacter.live/about.html,0,4,0,7.5
2026-07-10,https://theinvisiblecharacter.live/blank-text-generator,0,73,0,69.86301369863014
2026-07-10,https://theinvisiblecharacter.live/blog/creative-ways-invisible-characters,0,1,0,50
2026-07-10,https://theinvisiblecharacter.live/blog/whatsapp-invisible-messages,0,3,0,37
2026-07-10,https://theinvisiblecharacter.live/index-fr,0,22,0,7.818181818181818
2026-07-10,https://theinvisiblecharacter.live/tiktok-invisible-username-generator,0,12,0,36.166666666666664
2026-07-11,https://theinvisiblecharacter.live/#features,0,2,0,10
2026-07-11,https://theinvisiblecharacter.live/#how,0,2,0,10
2026-07-11,https://theinvisiblecharacter.live/#what,0,2,0,10
2026-07-11,https://theinvisiblecharacter.live/blank-text-generator,0,90,0,69.68888888888888
2026-07-11,https://theinvisiblecharacter.live/blog/creative-ways-invisible-characters,0,4,0,24.25
2026-07-11,https://theinvisiblecharacter.live/blog/whatsapp-invisible-messages,0,17,0,29.647058823529413
2026-07-11,https://theinvisiblecharacter.live/tiktok-invisible-username-generator,0,11,0,39.36363636363637
2026-07-11,https://theinvisiblecharacter.live/tools,0,2,0,10
2026-07-12,https://theinvisiblecharacter.live/#faq,0,2,0,8.5
2026-07-12,https://theinvisiblecharacter.live/#features,0,2,0,8.5
2026-07-12,https://theinvisiblecharacter.live/#how,0,2,0,8.5
2026-07-12,https://theinvisiblecharacter.live/#pricing,0,2,0,8.5
2026-07-12,https://theinvisiblecharacter.live/#what,0,2,0,8.5
2026-07-12,https://theinvisiblecharacter.live/about,0,3,0,6.333333333333333
2026-07-12,https://theinvisiblecharacter.live/blank-text-generator,0,84,0,70.6547619047619
2026-07-12,https://theinvisiblecharacter.live/blog/creative-ways-invisible-characters,0,4,0,27.25
2026-07-12,https://theinvisiblecharacter.live/blog/fr/,0,1,0,5
2026-07-12,https://theinvisiblecharacter.live/blog/tiktok-invisible-characters,0,2,0,27
2026-07-12,https://theinvisiblecharacter.live/blog/whatsapp-invisible-messages,0,15,0,28.866666666666667
2026-07-12,https://theinvisiblecharacter.live/fr/caractere-invisible-tiktok,0,1,0,9
2026-07-12,https://theinvisiblecharacter.live/index-fr,0,47,0,8.48936170212766
2026-07-12,https://theinvisiblecharacter.live/invisible-name-generator,0,1,0,7
2026-07-12,https://theinvisiblecharacter.live/tiktok-invisible-username-generator,0,11,0,28.545454545454547
2026-07-12,https://theinvisiblecharacter.live/tools,0,3,0,6.666666666666667
2026-07-13,https://theinvisiblecharacter.live/#faq,0,3,0,8
2026-07-13,https://theinvisiblecharacter.live/#features,0,3,0,8
2026-07-13,https://theinvisiblecharacter.live/#how,0,3,0,8
2026-07-13,https://theinvisiblecharacter.live/#pricing,0,3,0,8
2026-07-13,https://theinvisiblecharacter.live/#what,0,3,0,8
2026-07-13,https://theinvisiblecharacter.live/about,0,3,0,8
2026-07-13,https://theinvisiblecharacter.live/blank-text-generator,0,74,0,66.14864864864865
2026-07-13,https://theinvisiblecharacter.live/blog/,0,2,0,8.5
2026-07-13,https://theinvisiblecharacter.live/blog/creative-ways-invisible-characters,0,7,0,29.714285714285715
2026-07-13,https://theinvisiblecharacter.live/blog/tiktok-invisible-characters,0,7,0,14.857142857142858
2026-07-13,https://theinvisiblecharacter.live/blog/whatsapp-invisible-messages,0,16,0,32.0625
2026-07-13,https://theinvisiblecharacter.live/developer,0,2,0,6
2026-07-13,https://theinvisiblecharacter.live/invisible-name-generator,0,5,0,5.8
2026-07-13,https://theinvisiblecharacter.live/tiktok-invisible-username-generator,0,16,0,30.1875
2026-07-13,https://theinvisiblecharacter.live/tools,0,5,0,8.2
2026-07-14,https://theinvisiblecharacter.live/blank-text-generator,0,49,0,67.93877551020408
2026-07-14,https://theinvisiblecharacter.live/blog/creative-ways-invisible-characters,0,1,0,41
2026-07-14,https://theinvisiblecharacter.live/blog/tiktok-invisible-characters,0,4,0,48
2026-07-14,https://theinvisiblecharacter.live/blog/whatsapp-invisible-messages,0,13,0,23.153846153846153
2026-07-14,https://theinvisiblecharacter.live/tiktok-invisible-username-generator,0,11,0,37.72727272727273
2026-07-15,https://theinvisiblecharacter.live/blank-text-generator,0,47,0,67
2026-07-15,https://theinvisiblecharacter.live/blog/creative-ways-invisible-characters,0,2,0,49
2026-07-15,https://theinvisiblecharacter.live/blog/tiktok-invisible-characters,0,3,0,5.666666666666667
2026-07-15,https://theinvisiblecharacter.live/blog/whatsapp-invisible-messages,0,9,0,17.666666666666668
2026-07-15,https://theinvisiblecharacter.live/tiktok-invisible-username-generator,0,6,0,14.166666666666666
2026-07-16,https://theinvisiblecharacter.live/blank-text-generator,0,84,0,67.17857142857143
2026-07-16,https://theinvisiblecharacter.live/blog/,0,1,0,9
2026-07-16,https://theinvisiblecharacter.live/blog/creative-ways-invisible-characters,0,1,0,28
2026-07-16,https://theinvisiblecharacter.live/blog/tiktok-invisible-characters,0,5,0,42
2026-07-16,https://theinvisiblecharacter.live/blog/whatsapp-invisible-messages,0,12,0,20.75
2026-07-16,https://theinvisiblecharacter.live/index-fr,0,33,0,9.484848484848484
2026-07-16,https://theinvisiblecharacter.live/invisible-name-generator,0,1,0,9
2026-07-16,https://theinvisiblecharacter.live/tools,0,1,0,9
2026-07-17,https://theinvisiblecharacter.live/blank-text-generator,0,25,0,60.08
2026-07-17,https://theinvisiblecharacter.live/blog/,0,3,0,9.666666666666666
2026-07-17,https://theinvisiblecharacter.live/blog/whatsapp-invisible-messages,0,3,0,19.666666666666668
2026-07-17,https://theinvisiblecharacter.live/fr/pseudo-invisible-tiktok,0,13,0,7.153846153846154
2026-07-17,https://theinvisiblecharacter.live/invisible-name-generator,0,3,0,9.666666666666666
2026-07-17,https://theinvisiblecharacter.live/tiktok-invisible-username-generator,0,15,0,11.2
2026-07-17,https://theinvisiblecharacter.live/tools,0,3,0,9.666666666666666
