date,query,clicks,impressions,ctr,position
2026-07-05,invisible username tiktok generator,3,35,0.08571428571428572,8.82857142857143
2026-07-14,invisible username tiktok generator,3,26,0.11538461538461539,8.5
2026-07-11,invisible username tiktok generator,2,13,0.15384615384615385,8.692307692307693
2026-06-29,invisible character tiktok,1,1,1,16
2026-07-02,caractere invisible pour tiktok,1,8,0.125,8.125
2026-07-02,invisible name generator,1,4,0.25,10
2026-07-02,invisible username tiktok generator,1,31,0.03225806451612903,7.354838709677419
2026-07-03,invisible name tiktok generator,1,2,0.5,6
2026-07-03,invisible username tiktok generator,1,29,0.034482758620689655,6.896551724137931
2026-07-04,invisible username tiktok generator,1,18,0.05555555555555555,7.722222222222222
2026-07-06,invisible username tiktok generator,1,14,0.07142857142857142,9.142857142857142
2026-07-11,caractere invisible pour tiktok,1,4,0.25,5
2026-07-13,caractère invisible,1,3,0.3333333333333333,7.333333333333333
2026-07-14,caractère invisible,1,18,0.05555555555555555,8.333333333333332
2026-07-15,caractère invisible discord,1,9,0.1111111111111111,9.555555555555555
2026-07-15,invisible character tiktok,1,3,0.3333333333333333,6.333333333333333
2026-07-15,invisible name tiktok generator,1,1,1,9
2026-07-16,invisible character tiktok,1,5,0.2,5.8
2026-07-16,invisible username tiktok generator free,1,2,0.5,8.5
2026-07-17,caractère invisible pour pseudo tiktok,1,2,0.5,8
2026-07-17,unicode tiktok username,1,2,0.5,5.5
2026-06-28,character invisible,0,1,0,33
2026-06-28,free invisible,0,1,0,5
2026-06-28,invisible character,0,9,0,17.333333333333332
2026-06-28,invisible character for instagram name,0,1,0,11
2026-06-28,invisible character for tiktok username,0,2,0,15
2026-06-28,invisible characters,0,1,0,28
2026-06-28,invisible name tiktok generator,0,1,0,7
2026-06-28,invisible symbols,0,1,0,15
2026-06-28,invisible username tiktok generator,0,3,0,7.666666666666667
2026-06-28,names for invisible characters,0,1,0,12
2026-06-28,no character,0,5,0,17.4
2026-06-29,characters invisible,0,1,0,32
2026-06-29,invidible character,0,1,0,11
2026-06-29,invis char,0,1,0,44
2026-06-29,invis character,0,1,0,15
2026-06-29,invisable character,0,1,0,16
2026-06-29,invisible character,0,12,0,16.75
2026-06-29,invisible character for instagram name,0,1,0,10
2026-06-29,invisible character generator,0,1,0,10
2026-06-29,invisible character symbol,0,1,0,24
2026-06-29,invisible chat,0,1,0,56
2026-06-29,invisible messages,0,1,0,60
2026-06-29,invisible name generator,0,4,0,10
2026-06-29,invisible user,0,1,0,39
2026-06-29,invisible username tiktok generator,0,4,0,7.5
2026-06-29,no character,0,1,0,20
2026-06-29,no charecter,0,1,0,9
2026-06-30,blank message for whatsapp,0,1,0,39
2026-06-30,caractere invisible pour tiktok,0,2,0,9.5
2026-06-30,empty character tiktok,0,1,0,13
2026-06-30,empty character whatsapp,0,3,0,48.333333333333336
2026-06-30,invis character,0,1,0,9
2026-06-30,invisible characte,0,1,0,10
2026-06-30,invisible character,0,9,0,17.22222222222222
2026-06-30,invisible character copy paste tiktok,0,1,0,20
2026-06-30,invisible character for tiktok username,0,1,0,18
2026-06-30,invisible characters,0,3,0,22.666666666666668
2026-06-30,invisible chat,0,1,0,61
2026-06-30,invisible name copy and paste tiktok,0,1,0,29
2026-06-30,invisible name generator,0,2,0,10
2026-06-30,invisible name tiktok generator,0,1,0,7
2026-06-30,invisible symbols,0,1,0,14
2026-06-30,invisible username generator,0,2,0,10
2026-06-30,invisible username tiktok generator,0,1,0,11
2026-06-30,no character,0,3,0,12.666666666666666
2026-07-01,blank whatsapp message,0,1,0,48
2026-07-01,caractere invisible pour tiktok,0,1,0,9
2026-07-01,caracteres invisibles,0,1,0,9
2026-07-01,caractère invisible,0,2,0,7.5
2026-07-01,caractère invisible discord,0,1,0,9
2026-07-01,invisible caractere,0,1,0,9
2026-07-01,invisible char,0,1,0,27
2026-07-01,invisible chara,0,1,0,19
2026-07-01,invisible character,0,27,0,18.74074074074074
2026-07-01,invisible character generator,0,1,0,8
2026-07-01,invisible character name,0,1,0,11
2026-07-01,invisible characters,0,9,0,29
2026-07-01,invisible name generator,0,2,0,10
2026-07-01,invisible name tiktok generator,0,2,0,8
2026-07-01,invisible username tiktok generator,0,13,0,7.538461538461538
2026-07-01,tiktok username with zero width space or invisible characters,0,2,0,7
2026-07-01,whatsapp blank text,0,1,0,62
2026-07-02,blank message whatsapp,0,1,0,31
2026-07-02,caracteres invisibles,0,1,0,52
2026-07-02,carattere invisibile whatsapp,0,1,0,54
2026-07-02,fortnite invisible character,0,1,0,12
2026-07-02,hidden character,0,2,0,27
2026-07-02,invis char,0,1,0,18
2026-07-02,invisible caractere,0,1,0,8
2026-07-02,invisible character,0,4,0,15.5
2026-07-02,invisible character for fortnite name,0,1,0,8
2026-07-02,invisible character for instagram name,0,1,0,10
2026-07-02,invisible character fortnite name,0,1,0,5
2026-07-02,invisible nickname,0,1,0,29
2026-07-02,invisible tiktok name,0,1,0,18
2026-07-02,messaggio invisibile whatsapp,0,1,0,50
2026-07-02,names for invisible characters,0,2,0,11
2026-07-02,tiktok invisible name copy paste,0,1,0,25
2026-07-02,tiktok username with zero width space or invisible characters,0,2,0,7.5
2026-07-03,blank name for tiktok,0,1,0,16
2026-07-03,blank whatsapp message,0,1,0,30
2026-07-03,caractère invisible pour pseudo tiktok,0,1,0,16
2026-07-03,invisible character,0,5,0,16
2026-07-03,invisible character fortnite,0,1,0,9
2026-07-03,invisible name,0,2,0,32.5
2026-07-03,invisible name generator,0,8,0,9.5
2026-07-03,invisible tiktok name,0,1,0,19
2026-07-03,invisible tiktok name copy and paste,0,1,0,30
2026-07-03,invisible username tiktok,0,1,0,18
2026-07-03,tiktok username with zero width space or invisible characters,0,1,0,7
2026-07-04,blank message on whatsapp,0,1,0,35
2026-07-04,blank message whatsapp,0,1,0,43
2026-07-04,blank text whatsapp,0,1,0,57
2026-07-04,caractere invisible,0,1,0,7
2026-07-04,caractere invisible pour tiktok,0,2,0,9.5
2026-07-04,caractère invisible,0,2,0,9
2026-07-04,fortnite invisible character,0,1,0,12
2026-07-04,invisible character,0,9,0,19.77777777777778
2026-07-04,invisible character for tiktok,0,1,0,7
2026-07-04,invisible detector character,0,1,0,11
2026-07-04,invisible name,0,3,0,16.333333333333336
2026-07-04,invisible name generator,0,4,0,9.25
2026-07-04,invisible name tiktok generator,0,2,0,7.5
2026-07-04,invisible text for tiktok,0,1,0,12
2026-07-04,invisible text generator for tiktok,0,2,0,10.5
2026-07-04,invsible character,0,1,0,17
2026-07-04,tiktok invisible name copy and paste,0,1,0,14
2026-07-04,tiktok username with zero width space or invisible characters,0,2,0,8.5
2026-07-05,blank,0,1,0,77
2026-07-05,blank char,0,1,0,68
2026-07-05,blank character,0,1,0,62
2026-07-05,blank copy and paste,0,1,0,85
2026-07-05,blank name,0,1,0,77
2026-07-05,blank unicode character,0,1,0,73
2026-07-05,caractere invisible,0,1,0,8
2026-07-05,caractere invisible pour tiktok,0,1,0,10
2026-07-05,empty char,0,2,0,57
2026-07-05,empty character,0,3,0,73.33333333333333
2026-07-05,empty character copy paste,0,1,0,76
2026-07-05,empty text,0,1,0,65
2026-07-05,empty whatsapp message,0,1,0,24
2026-07-05,invisible character,0,5,0,29.2
2026-07-05,invisible character for instagram name,0,1,0,10
2026-07-05,invisible character for tiktok,0,1,0,7
2026-07-05,invisible character text,0,1,0,68
2026-07-05,invisible charcter,0,1,0,15
2026-07-05,invisible messages,0,1,0,51
2026-07-05,invisible name,0,1,0,40
2026-07-05,invisible name for tiktok,0,1,0,35
2026-07-05,invisible name generator,0,3,0,9.333333333333334
2026-07-05,invisible name tiktok generator,0,2,0,7.5
2026-07-05,invisible names,0,1,0,15
2026-07-05,invisible text for tiktok,0,1,0,11
2026-07-05,invisible user,0,1,0,37
2026-07-05,invisible username generator,0,3,0,8.666666666666668
2026-07-05,no characters,0,2,0,73
2026-07-05,no letters,0,1,0,78
2026-07-05,no words copy paste,0,1,0,80
2026-07-05,the invisible character,0,2,0,10
2026-07-05,tiktok username with zero width space or invisible characters,0,2,0,8
2026-07-05,unicode empty character,0,1,0,62
2026-07-06,balnk text generator,0,3,0,58
2026-07-06,blank ascii,0,1,0,59
2026-07-06,blank character,0,3,0,70
2026-07-06,blank character copy,0,1,0,66
2026-07-06,blank character copy paste,0,1,0,71
2026-07-06,blank character text,0,1,0,64
2026-07-06,blank character tiktok,0,1,0,7
2026-07-06,blank copy,0,1,0,69
2026-07-06,blank copy and paste,0,1,0,76
2026-07-06,blank copy paste,0,2,0,69.5
2026-07-06,blank font,0,1,0,68
2026-07-06,blank letter,0,1,0,71
2026-07-06,blank message,0,2,0,72
2026-07-06,blank name,0,1,0,79
2026-07-06,blank name on tiktok,0,1,0,49
2026-07-06,blank name tiktok,0,1,0,61
2026-07-06,blank nickname tiktok,0,1,0,46
2026-07-06,blank space copy,0,1,0,66
2026-07-06,blank space copy and paste,0,1,0,82
2026-07-06,blank space text,0,2,0,76.5
2026-07-06,blank text,0,6,0,69.5
2026-07-06,blank text copy,0,2,0,69.5
2026-07-06,blank text copy and paste,0,1,0,74
2026-07-06,blank text copy paste,0,2,0,68.5
2026-07-06,blank text generator,0,1,0,53
2026-07-06,blank username copy and paste,0,1,0,92
2026-07-06,blank words,0,1,0,88
2026-07-06,caractere invisible pour tiktok,0,1,0,11
2026-07-06,caractere invisible tiktok,0,3,0,9.666666666666666
2026-07-06,caractère invisible pour pseudo tiktok,0,1,0,11
2026-07-06,character that is invisible,0,1,0,33
2026-07-06,clear username,0,1,0,66
2026-07-06,copy and paste blank,0,1,0,74
2026-07-06,copy paste blank,0,1,0,72
2026-07-06,empty character,0,6,0,74.66666666666667
2026-07-06,empty character copy paste,0,1,0,71
2026-07-06,empty letter,0,1,0,66
2026-07-06,empty letters,0,1,0,72
2026-07-06,empty message on whatsapp,0,1,0,28
2026-07-06,empty name,0,1,0,73
2026-07-06,empty space copy paste,0,1,0,64
2026-07-06,empty space text,0,1,0,67
2026-07-06,empty text,0,1,0,67
2026-07-06,empty text copy and paste,0,1,0,74
2026-07-06,empty text copy paste,0,1,0,71
2026-07-06,invisible character,0,6,0,18.166666666666668
2026-07-06,invisible character copy,0,1,0,71
2026-07-06,invisible character for fortnite,0,1,0,14
2026-07-06,invisible character fortnite,0,2,0,12.5
2026-07-06,invisible charcter,0,1,0,24
2026-07-06,invisible name,0,1,0,24
2026-07-06,invisible name for tiktok,0,1,0,20
2026-07-06,invisible name generator,0,1,0,9
2026-07-06,invisible name tiktok generator,0,1,0,5
2026-07-06,invisible symbol,0,1,0,95
2026-07-06,invisible text for tiktok,0,1,0,13
2026-07-06,invisible tiktok name,0,1,0,20
2026-07-06,invisible username generator,0,1,0,8
2026-07-06,invisible username tiktok,0,2,0,23
2026-07-06,tiktok blank name,0,1,0,49
2026-07-06,white space copy paste,0,1,0,70
2026-07-06,whitespace copy and paste,0,1,0,81
2026-07-07,blank character,0,1,0,74
2026-07-07,blank character copy,0,1,0,54
2026-07-07,blank chat copy,0,1,0,70
2026-07-07,blank copy,0,1,0,77
2026-07-07,blank copy and paste,0,1,0,78
2026-07-07,blank copy paste,0,1,0,74
2026-07-07,blank letter,0,1,0,70
2026-07-07,blank letter copy paste,0,1,0,70
2026-07-07,blank message,0,1,0,66
2026-07-07,blank message for whatsapp,0,1,0,53
2026-07-07,blank message on whatsapp,0,1,0,43
2026-07-07,blank space copy,0,2,0,62.5
2026-07-07,blank space copy paste,0,1,0,75
2026-07-07,blank spaces copy,0,1,0,68
2026-07-07,blank symbols,0,2,0,71
2026-07-07,blank text,0,3,0,71.33333333333333
2026-07-07,blank text copy and paste,0,1,0,64
2026-07-07,blank text copy paste,0,2,0,67
2026-07-07,caracter invisible,0,1,0,9
2026-07-07,caractere invisible,0,1,0,7
2026-07-07,caracteres invisibles,0,1,0,9
2026-07-07,caractère invisible,0,1,0,6
2026-07-07,copy paste blank,0,1,0,57
2026-07-07,emoty text,0,1,0,67
2026-07-07,empty character,0,7,0,74.42857142857143
2026-07-07,empty character copy,0,1,0,56
2026-07-07,empty character copy paste,0,1,0,65
2026-07-07,empty characters,0,1,0,69
2026-07-07,empty font,0,1,0,61
2026-07-07,empty message in whatsapp,0,2,0,25.5
2026-07-07,empty space character,0,1,0,67
2026-07-07,empty space copy paste,0,1,0,71
2026-07-07,empty symbol,0,1,0,58
2026-07-07,empty text,0,4,0,65.5
2026-07-07,empty text copy,0,1,0,47
2026-07-07,empty text copy and paste,0,1,0,98
2026-07-07,empty text message,0,1,0,63
2026-07-07,emptycharacter,0,3,0,66.33333333333333
2026-07-07,emptytext,0,1,0,59
2026-07-07,font blank generator,0,1,0,60
2026-07-07,how to get blank name on tiktok,0,1,0,53
2026-07-07,inv text,0,1,0,63
2026-07-07,invisible caractere,0,1,0,8
2026-07-07,invisible characer,0,1,0,22
2026-07-07,invisible character,0,2,0,22.5
2026-07-07,invisible character for tiktok,0,1,0,17
2026-07-07,invisible character for tiktok username,0,1,0,10
2026-07-07,invisible character tiktok,0,4,0,10.25
2026-07-07,invisible chat,0,1,0,51
2026-07-07,invisible name,0,1,0,43
2026-07-07,invisible name copy paste,0,1,0,69
2026-07-07,invisible name copy paste tiktok,0,1,0,47
2026-07-07,invisible name tiktok,0,1,0,31
2026-07-07,invisible name tiktok generator,0,1,0,8
2026-07-07,invisible text copy paste,0,1,0,80
2026-07-07,invisible text generator,0,1,0,56
2026-07-07,invisible tiktok username,0,2,0,9.5
2026-07-07,invisible username tiktok,0,3,0,8
2026-07-07,invisible username tiktok generator,0,5,0,8.4
2026-07-07,no name copy,0,1,0,72
2026-07-07,no words copy paste,0,1,0,76
2026-07-07,text blank,0,1,0,78
2026-07-07,unicode tiktok username,0,1,0,9
2026-07-08,black text,0,1,0,73
2026-07-08,blank character,0,3,0,72.66666666666667
2026-07-08,blank character copy,0,1,0,63
2026-07-08,blank character copy paste,0,1,0,73
2026-07-08,blank copy,0,2,0,63.5
2026-07-08,blank copy and paste,0,1,0,84
2026-07-08,blank copy and paste tiktok,0,1,0,58
2026-07-08,blank copy paste,0,2,0,72.5
2026-07-08,blank letter,0,1,0,76
2026-07-08,blank name,0,1,0,74
2026-07-08,blank name copy paste,0,1,0,79
2026-07-08,blank space copy,0,2,0,68.5
2026-07-08,blank text,0,4,0,70
2026-07-08,blank text copy and paste,0,1,0,79
2026-07-08,blank text copy paste,0,1,0,78
2026-07-08,blank text message,0,1,0,68
2026-07-08,blank tiktok name,0,1,0,51
2026-07-08,blank user,0,1,0,76
2026-07-08,blank username,0,1,0,77
2026-07-08,caracter invizibil,0,1,0,10
2026-07-08,caractere invisible,0,1,0,7
2026-07-08,caractère invisible,0,3,0,7.666666666666667
2026-07-08,character invisible,0,1,0,10
2026-07-08,copy blank character,0,1,0,65
2026-07-08,copy blank text,0,2,0,69.5
2026-07-08,copy empty space,0,1,0,70
2026-07-08,copy paste blank character,0,1,0,57
2026-07-08,cractere invisible,0,1,0,9
2026-07-08,empty char,0,2,0,55
2026-07-08,empty character,0,4,0,75.75
2026-07-08,empty character copy paste,0,2,0,73
2026-07-08,empty characters,0,1,0,71
2026-07-08,empty text,0,5,0,69.4
2026-07-08,invisible caractere,0,1,0,10
2026-07-08,invisible character,0,5,0,34.8
2026-07-08,invisible character for tiktok,0,1,0,11
2026-07-08,invisible name tiktok generator,0,1,0,8
2026-07-08,invisible nickname for tiktok,0,2,0,30
2026-07-08,invisible text generator,0,1,0,61
2026-07-08,invisible username generator,0,1,0,11
2026-07-08,invisible username tiktok generator,0,13,0,8.23076923076923
2026-07-08,name space copy,0,1,0,73
2026-07-08,no letter,0,1,0,84
2026-07-08,no text copy paste,0,1,0,70
2026-07-08,text nothing,0,1,0,74
2026-07-08,text space copy,0,1,0,78
2026-07-08,tiktok invisible name copy and paste,0,1,0,17
2026-07-08,tiktok username with zero width space or invisible characters,0,2,0,10
2026-07-08,transparent character,0,1,0,77
2026-07-08,whatsapp blank message,0,2,0,35
2026-07-09,black copy,0,3,0,64.33333333333334
2026-07-09,blank character,0,8,0,71.25
2026-07-09,blank character copy,0,1,0,65
2026-07-09,blank character copy paste,0,2,0,77
2026-07-09,blank characters,0,1,0,72
2026-07-09,blank comment,0,1,0,91
2026-07-09,blank copy and paste,0,2,0,81.5
2026-07-09,blank copy n paste,0,1,0,78
2026-07-09,blank copy paste,0,2,0,72
2026-07-09,blank message for whatsapp,0,1,0,36
2026-07-09,blank space copy,0,1,0,65
2026-07-09,blank space copy paste,0,2,0,69.5
2026-07-09,blank space text,0,1,0,66
2026-07-09,blank spaces copy and paste,0,1,0,74
2026-07-09,blank text,0,6,0,71.66666666666667
2026-07-09,blank text copy,0,3,0,68.33333333333333
2026-07-09,blank text copy and paste,0,1,0,75
2026-07-09,blank text copy paste,0,3,0,68.33333333333333
2026-07-09,caractère invisible,0,2,0,7
2026-07-09,caractère invisible fortnite,0,1,0,10
2026-07-09,copy blank text,0,1,0,74
2026-07-09,copy paste blank text,0,1,0,77
2026-07-09,copy white space,0,1,0,67
2026-07-09,empty character,0,5,0,75.4
2026-07-09,empty character copy and paste,0,1,0,98
2026-07-09,empty character copy paste,0,1,0,76
2026-07-09,empty message,0,1,0,59
2026-07-09,empty message copy and paste,0,1,0,85
2026-07-09,empty space copy,0,1,0,69
2026-07-09,empty space text,0,1,0,71
2026-07-09,empty text,0,5,0,68.6
2026-07-09,empty text copy,0,2,0,46.5
2026-07-09,empty text copy paste,0,1,0,66
2026-07-09,empty text to copy,0,1,0,27
2026-07-09,empty unicode,0,1,0,57
2026-07-09,empty username,0,2,0,67.5
2026-07-09,empty white space,0,1,0,72
2026-07-09,emptycharacter com,0,1,0,43
2026-07-09,get empty text,0,1,0,66
2026-07-09,insert blank text,0,1,0,77
2026-07-09,invisible character,0,5,0,42.8
2026-07-09,invisible character generator,0,1,0,18
2026-07-09,invisible chat,0,1,0,52
2026-07-09,invisible name,0,1,0,28
2026-07-09,invisible name generator,0,3,0,10.666666666666666
2026-07-09,invisible name on tiktok,0,1,0,37
2026-07-09,invisible name tiktok generator,0,1,0,5
2026-07-09,invisible names,0,1,0,20
2026-07-09,invisible number text,0,1,0,64
2026-07-09,invisible text copy,0,1,0,74
2026-07-09,invisible text generator,0,1,0,63
2026-07-09,invisible tiktok username,0,3,0,21.333333333333332
2026-07-09,invisible username tiktok generator,0,15,0,7.866666666666666
2026-07-09,long blank text,0,1,0,68
2026-07-09,no character symbol,0,1,0,69
2026-07-09,nothing copy and paste,0,1,0,79
2026-07-09,unicode blank,0,1,0,55
2026-07-09,white space copy paste,0,1,0,68
2026-07-09,whitespace copy and paste,0,1,0,79
2026-07-10,blank ascii character,0,2,0,41.5
2026-07-10,blank character,0,2,0,67.5
2026-07-10,blank character copy paste,0,2,0,71.5
2026-07-10,blank copy,0,1,0,70
2026-07-10,blank copy and paste,0,3,0,77.66666666666667
2026-07-10,blank copy paste,0,2,0,75.5
2026-07-10,blank copy space,0,1,0,63
2026-07-10,blank font,0,1,0,67
2026-07-10,blank highlight text,0,1,0,71
2026-07-10,blank letter copy paste,0,1,0,82
2026-07-10,blank message,0,1,0,71
2026-07-10,blank space copy,0,6,0,72.16666666666667
2026-07-10,blank space copy paste,0,1,0,65
2026-07-10,blank space to copy,0,1,0,76
2026-07-10,blank text,0,10,0,71.7
2026-07-10,blank text character,0,1,0,54
2026-07-10,blank text copy,0,1,0,75
2026-07-10,blank text copy paste,0,1,0,71
2026-07-10,blank text for whatsapp,0,2,0,79
2026-07-10,blank text generator,0,1,0,73
2026-07-10,blank text message,0,1,0,77
2026-07-10,blank text whatsapp,0,1,0,55
2026-07-10,blank tiktok profile,0,2,0,49
2026-07-10,blank word copy paste,0,1,0,71
2026-07-10,caractere invisible,0,1,0,10
2026-07-10,caractere invisible pour tiktok,0,3,0,7.666666666666667
2026-07-10,caractère invisible,0,2,0,9
2026-07-10,character invisible,0,4,0,6.5
2026-07-10,copy and paste blank character,0,2,0,72.5
2026-07-10,copy blank space,0,2,0,69
2026-07-10,copy blank text,0,1,0,68
2026-07-10,copy paste blank,0,2,0,52
2026-07-10,discord invisible display name,0,1,0,9
2026-07-10,empty char,0,1,0,64
2026-07-10,empty character,0,2,0,76.5
2026-07-10,empty copy and paste,0,1,0,72
2026-07-10,empty font,0,1,0,60
2026-07-10,empty space copy paste,0,2,0,68
2026-07-10,empty space text,0,1,0,69
2026-07-10,empty symbol,0,2,0,78.5
2026-07-10,empty text,0,4,0,69.5
2026-07-10,emptycharacters. com,0,1,0,44
2026-07-10,invisable character,0,1,0,15
2026-07-10,invisible characte,0,1,0,7
2026-07-10,invisible character,0,3,0,14.666666666666666
2026-07-10,invisible character generator,0,1,0,55
2026-07-10,invisible character tool,0,1,0,60
2026-07-10,invisible fonts,0,1,0,72
2026-07-10,invisible name generator,0,8,0,11.75
2026-07-10,invisible name tiktok,0,1,0,40
2026-07-10,invisible name tiktok generator,0,1,0,7
2026-07-10,invisible text copy,0,1,0,74
2026-07-10,invisible tiktok username,0,2,0,6.5
2026-07-10,invisible username tiktok generator,0,13,0,7.615384615384615
2026-07-10,no character text,0,1,0,66
2026-07-10,no username tiktok,0,1,0,40
2026-07-10,space copy and paste,0,1,0,76
2026-07-10,tiktok blank name,0,3,0,44.666666666666664
2026-07-10,tiktok invisible name,0,1,0,41
2026-07-10,tiktok invisible name 2025,0,1,0,59
2026-07-11,blank char,0,1,0,64
2026-07-11,blank chara,0,1,0,68
2026-07-11,blank character,0,2,0,70.5
2026-07-11,blank character copy,0,1,0,63
2026-07-11,blank character copy paste,0,3,0,64.66666666666666
2026-07-11,blank character text,0,1,0,59
2026-07-11,blank characters,0,1,0,68
2026-07-11,blank chat,0,1,0,68
2026-07-11,blank comment copy and paste,0,1,0,80
2026-07-11,blank copy and paste,0,2,0,77
2026-07-11,blank copy paste,0,2,0,66
2026-07-11,blank font,0,2,0,67.5
2026-07-11,blank letter,0,1,0,71
2026-07-11,blank message copy,0,1,0,69
2026-07-11,blank message copy paste,0,1,0,73
2026-07-11,blank name,0,2,0,70
2026-07-11,blank name copy,0,2,0,65.5
2026-07-11,blank space character,0,1,0,77
2026-07-11,blank space character copy and paste,0,1,0,75
2026-07-11,blank space copy,0,3,0,71
2026-07-11,blank space copy paste,0,1,0,66
2026-07-11,blank space text,0,1,0,69
2026-07-11,blank symbol,0,1,0,78
2026-07-11,blank text,0,1,0,79
2026-07-11,blank text character,0,1,0,60
2026-07-11,blank text copy,0,2,0,71
2026-07-11,blank text copy and paste,0,1,0,82
2026-07-11,blank text copy paste,0,6,0,71.83333333333333
2026-07-11,blank unicode,0,1,0,66
2026-07-11,blank unicode character,0,1,0,69
2026-07-11,blank unicode characters,0,1,0,66
2026-07-11,caractere invisible,0,2,0,6.5
2026-07-11,caractère invisible,0,4,0,7.5
2026-07-11,caractère invisible tiktok,0,1,0,7
2026-07-11,character invisible,0,5,0,6
2026-07-11,charactere invisible,0,2,0,8.5
2026-07-11,clear name,0,2,0,67.5
2026-07-11,clear text box,0,2,0,91.5
2026-07-11,copy blank text,0,1,0,60
2026-07-11,empty character,0,8,0,72.625
2026-07-11,empty character copy,0,2,0,65.5
2026-07-11,empty character copy paste,0,1,0,70
2026-07-11,empty character whatsapp,0,1,0,16
2026-07-11,empty characters copy paste,0,1,0,62
2026-07-11,empty letter,0,1,0,69
2026-07-11,empty message,0,1,0,76
2026-07-11,empty symbol,0,1,0,76
2026-07-11,empty text,0,5,0,66
2026-07-11,empty text copy,0,1,0,65
2026-07-11,empty text copy paste,0,3,0,70.33333333333333
2026-07-11,emptycharacter,0,3,0,59
2026-07-11,how to type nothing,0,1,0,79
2026-07-11,invisable name,0,1,0,20
2026-07-11,invisble charcter,0,1,0,15
2026-07-11,invisible caractere,0,1,0,10
2026-07-11,invisible character,0,8,0,43
2026-07-11,invisible character copy,0,1,0,69
2026-07-11,invisible character for fortnite name,0,1,0,10
2026-07-11,invisible character for tiktok,0,1,0,10
2026-07-11,invisible characters for tiktok,0,1,0,12
2026-07-11,invisible charatcer,0,2,0,20
2026-07-11,invisible font copy,0,1,0,78
2026-07-11,invisible message,0,2,0,60
2026-07-11,invisible name copy,0,1,0,72
2026-07-11,invisible name generator,0,2,0,10
2026-07-11,invisible name tiktok generator,0,1,0,9
2026-07-11,invisible text generator,0,2,0,62.5
2026-07-11,no name tiktok copy and paste,0,2,0,44.5
2026-07-11,no username tiktok,0,2,0,40
2026-07-11,special characters invisible,0,1,0,40
2026-07-11,the invisible character,0,1,0,36
2026-07-11,tiktok blank username,0,1,0,30
2026-07-11,tiktok username bypass,0,1,0,49
2026-07-11,whatsapp blank chat,0,1,0,32
2026-07-11,whatsapp invisible,0,1,0,8
2026-07-11,white space copy paste,0,1,0,69
2026-07-11,whitespace copy and paste,0,1,0,76
2026-07-11,without text,0,1,0,72
2026-07-12,blank character,0,4,0,72
2026-07-12,blank character copy,0,1,0,68
2026-07-12,blank character copy and paste,0,2,0,71.5
2026-07-12,blank character whatsapp,0,1,0,28
2026-07-12,blank copy and paste,0,1,0,82
2026-07-12,blank copy and paste for tiktok,0,1,0,48
2026-07-12,blank copy paste,0,1,0,67
2026-07-12,blank font,0,2,0,69.5
2026-07-12,blank message,0,1,0,75
2026-07-12,blank message copy paste,0,1,0,61
2026-07-12,blank message on whatsapp,0,1,0,44
2026-07-12,blank name,0,2,0,74
2026-07-12,blank paragraph,0,3,0,68.33333333333333
2026-07-12,blank paste,0,1,0,89
2026-07-12,blank space copy,0,5,0,70.4
2026-07-12,blank space copy and paste,0,2,0,90
2026-07-12,blank space copy paste,0,2,0,70.5
2026-07-12,blank space corrector,0,2,0,61
2026-07-12,blank space text,0,2,0,67
2026-07-12,blank symbol,0,2,0,77
2026-07-12,blank text,0,5,0,72
2026-07-12,blank text copy,0,1,0,64
2026-07-12,blank text copy paste,0,2,0,70.5
2026-07-12,blank texts,0,1,0,74
2026-07-12,blank unicode,0,1,0,64
2026-07-12,blank unicode character,0,1,0,67
2026-07-12,blank unicode character copy and paste,0,1,0,10
2026-07-12,blank whatsapp message,0,1,0,43
2026-07-12,caracter invisible,0,1,0,6
2026-07-12,caractere invisible,0,1,0,5
2026-07-12,caractere invisible copier,0,2,0,11
2026-07-12,caractere invisible pour tiktok,0,1,0,8
2026-07-12,caractere invisible tiktok,0,2,0,10
2026-07-12,caractère invisible,0,4,0,7.75
2026-07-12,caractère invisible discord,0,4,0,9.5
2026-07-12,caractère invisible pour pseudo tiktok,0,3,0,8
2026-07-12,caractère invisible tiktok,0,6,0,10.333333333333334
2026-07-12,character invisible,0,1,0,6
2026-07-12,copy and paste blank,0,1,0,74
2026-07-12,copy blank text,0,1,0,56
2026-07-12,copy.paste blank,0,1,0,75
2026-07-12,empty blank,0,1,0,64
2026-07-12,empty character,0,5,0,72
2026-07-12,empty character copy,0,1,0,74
2026-07-12,empty character copy paste,0,1,0,71
2026-07-12,empty character whatsapp,0,1,0,38
2026-07-12,empty characters,0,2,0,70
2026-07-12,empty message,0,1,0,72
2026-07-12,empty message on whatsapp,0,1,0,53
2026-07-12,empty space copy paste,0,1,0,65
2026-07-12,empty space text,0,1,0,69
2026-07-12,empty text,0,5,0,68.2
2026-07-12,empty text box,0,2,0,72
2026-07-12,empty text copy,0,2,0,69.5
2026-07-12,empty text copy paste,0,1,0,76
2026-07-12,hangul filler (u+3164),0,2,0,7
2026-07-12,invincible username,0,1,0,36
2026-07-12,invisible caractere tiktok,0,1,0,9
2026-07-12,invisible character,0,1,0,49
2026-07-12,invisible character youtube,0,1,0,50
2026-07-12,invisible letter copy and paste,0,1,0,73
2026-07-12,invisible letter copy and paste tiktok,0,1,0,36
2026-07-12,invisible name generator,0,3,0,10.333333333333334
2026-07-12,invisible text,0,1,0,66
2026-07-12,invisible text generator,0,2,0,57
2026-07-12,invisible text generator copy and paste,0,2,0,92
2026-07-12,invisible text whatsapp,0,1,0,38
2026-07-12,invisible username tiktok generator,0,4,0,10
2026-07-12,invisible username tiktok generator free,0,1,0,8
2026-07-12,invisible username tiktok reddit,0,1,0,37
2026-07-12,no name character,0,1,0,75
2026-07-12,no space copy paste,0,1,0,79
2026-07-12,police invisible,0,1,0,10
2026-07-12,space for copy,0,1,0,70
2026-07-12,text blank,0,2,0,74.5
2026-07-12,texte blanc a copier,0,1,0,9
2026-07-12,tiktok blank name,0,1,0,51
2026-07-12,tiktok invisible name,0,1,0,37
2026-07-12,whitespace copy and paste,0,1,0,81
2026-07-13,balnk text generator,0,1,0,59
2026-07-13,blank character,0,4,0,69.5
2026-07-13,blank character copy,0,2,0,66
2026-07-13,blank character copy paste,0,1,0,64
2026-07-13,blank chat whatsapp,0,1,0,37
2026-07-13,blank copy and paste,0,3,0,76.33333333333333
2026-07-13,blank copy paste,0,1,0,62
2026-07-13,blank font,0,1,0,69
2026-07-13,blank letter,0,2,0,71
2026-07-13,blank message,0,3,0,76.66666666666667
2026-07-13,blank message for whatsapp,0,1,0,51
2026-07-13,blank message in whatsapp,0,1,0,40
2026-07-13,blank message in whatsapp chat,0,1,0,33
2026-07-13,blank message whatsapp,0,1,0,56
2026-07-13,blank name copy paste,0,1,0,81
2026-07-13,blank space copy,0,2,0,68.5
2026-07-13,blank space keyboard,0,1,0,69
2026-07-13,blank space text,0,2,0,71
2026-07-13,blank symbol,0,1,0,74
2026-07-13,blank text,0,2,0,65
2026-07-13,blank text copy,0,5,0,66.4
2026-07-13,blank text copy and paste,0,1,0,82
2026-07-13,blank text to copy,0,2,0,67
2026-07-13,blank texting,0,1,0,70
2026-07-13,blank tiktok,0,1,0,48
2026-07-13,blank tiktok username,0,1,0,10
2026-07-13,caractere inv,0,1,0,7
2026-07-13,caractere invisble,0,1,0,9
2026-07-13,caractere invisible,0,2,0,8
2026-07-13,caractere invisible pour tiktok,0,1,0,8
2026-07-13,caractere invisible tiktok,0,2,0,10.5
2026-07-13,caractere transparent,0,1,0,9
2026-07-13,caractère invisible discord,0,4,0,9.5
2026-07-13,caractère invisible pour pseudo tiktok,0,4,0,6.75
2026-07-13,caractère invisible tiktok,0,8,0,9.5
2026-07-13,caractère invisible à copier coller,0,1,0,11
2026-07-13,caractère transparent,0,1,0,8
2026-07-13,character invisible,0,1,0,46
2026-07-13,copier coller invisible,0,1,0,9
2026-07-13,copier invisible,0,1,0,11
2026-07-13,copy and paste blank,0,1,0,77
2026-07-13,copy blank text,0,3,0,67.66666666666667
2026-07-13,empty character,0,3,0,70.66666666666667
2026-07-13,empty character copy,0,1,0,68
2026-07-13,empty character copy paste,0,1,0,73
2026-07-13,empty message in whatsapp,0,1,0,55
2026-07-13,empty name copy paste,0,1,0,73
2026-07-13,empty space text,0,1,0,65
2026-07-13,empty text,0,4,0,63.25
2026-07-13,empty text copy,0,1,0,63
2026-07-13,empty text copy and paste,0,1,0,85
2026-07-13,empty text copy paste,0,1,0,77
2026-07-13,espace invisible copier coller,0,1,0,8
2026-07-13,hide character,0,2,0,45.5
2026-07-13,how to get a blank name on tiktok,0,1,0,54
2026-07-13,invisble name,0,1,0,40
2026-07-13,invisible caractere tiktok,0,1,0,9
2026-07-13,invisible charac,0,1,0,42
2026-07-13,invisible character,0,2,0,45.5
2026-07-13,invisible character copy and paste,0,1,0,95
2026-07-13,invisible character for tiktok username,0,3,0,6.333333333333333
2026-07-13,invisible character tiktok,0,1,0,13
2026-07-13,invisible chat,0,1,0,48
2026-07-13,invisible chat for whatsapp,0,1,0,27
2026-07-13,invisible font generator,0,1,0,60
2026-07-13,invisible letters copy and paste,0,1,0,72
2026-07-13,invisible name,0,2,0,39
2026-07-13,invisible name for tiktok,0,1,0,46
2026-07-13,invisible name generator,0,4,0,11.5
2026-07-13,invisible name tiktok copy and paste,0,1,0,47
2026-07-13,invisible name tiktok generator,0,1,0,9
2026-07-13,invisible pseudo,0,2,0,10
2026-07-13,invisible text copy,0,1,0,71
2026-07-13,invisible text copy paste,0,1,0,83
2026-07-13,invisible text generator,0,5,0,59.6
2026-07-13,invisible tiktok name copy and paste,0,1,0,44
2026-07-13,invisible tiktok username,0,1,0,9
2026-07-13,invisible username tiktok generator,0,11,0,8.363636363636363
2026-07-13,invisible username tiktok generator free,0,1,0,8
2026-07-13,invisible whatsapp chat,0,1,0,29
2026-07-13,invisible-character,0,1,0,43
2026-07-13,no letter,0,2,0,79.5
2026-07-13,texte invisible,0,1,0,20
2026-07-13,unicode empty character,0,1,0,35
2026-07-13,whatsapp blank message,0,1,0,53
2026-07-13,whitespace copy and paste,0,1,0,77
2026-07-14,blank character,0,2,0,64.5
2026-07-14,blank character copy paste,0,1,0,72
2026-07-14,blank characters,0,1,0,69
2026-07-14,blank chat,0,1,0,64
2026-07-14,blank copy and paste,0,1,0,75
2026-07-14,blank copy paste,0,2,0,73.5
2026-07-14,blank letter,0,1,0,75
2026-07-14,blank space copy,0,2,0,74
2026-07-14,blank space copy paste,0,1,0,75
2026-07-14,blank space copy paste tiktok,0,1,0,60
2026-07-14,blank space text,0,1,0,67
2026-07-14,blank space to copy,0,1,0,68
2026-07-14,blank text,0,4,0,67.5
2026-07-14,blank text copy paste,0,2,0,73
2026-07-14,blank text message,0,1,0,66
2026-07-14,blank tiktok profile,0,1,0,48
2026-07-14,blank title,0,1,0,89
2026-07-14,blank unicode,0,1,0,68
2026-07-14,blank word,0,1,0,88
2026-07-14,blankspace copy and paste,0,1,0,19
2026-07-14,caracter invisble,0,1,0,8
2026-07-14,caractere invisible,0,1,0,5
2026-07-14,caractere invisible copier coller,0,1,0,10
2026-07-14,caractère invisible discord,0,7,0,9.857142857142858
2026-07-14,caractère invisible pour pseudo,0,3,0,9.333333333333334
2026-07-14,caractère invisible pour pseudo tiktok,0,1,0,10
2026-07-14,caractère transparent,0,1,0,10
2026-07-14,carractere invisible,0,2,0,10
2026-07-14,character invisible,0,1,0,52
2026-07-14,charactère invisible,0,2,0,10
2026-07-14,emoji invisible copier-coller,0,1,0,8
2026-07-14,empty character,0,7,0,69.28571428571429
2026-07-14,empty characters,0,1,0,72
2026-07-14,empty space copy paste,0,1,0,64
2026-07-14,empty space text,0,1,0,64
2026-07-14,empty text,0,3,0,63.333333333333336
2026-07-14,empty text box,0,1,0,61
2026-07-14,empty text copy and paste,0,1,0,96
2026-07-14,empty text whatsapp,0,1,0,40
2026-07-14,empty username tiktok,0,1,0,10
2026-07-14,emptycharacter,0,1,0,55
2026-07-14,espace invisible copier coller,0,1,0,9
2026-07-14,how to make tiktok username invisible,0,1,0,42
2026-07-14,invicible character,0,2,0,41
2026-07-14,invisable user name,0,2,0,34.5
2026-07-14,invisible caractere,0,1,0,8
2026-07-14,invisible caractère,0,1,0,14
2026-07-14,invisible character,0,10,0,51
2026-07-14,invisible character for tiktok,0,6,0,27.333333333333332
2026-07-14,invisible character for tiktok username,0,2,0,6.5
2026-07-14,invisible character for whatsapp,0,1,0,27
2026-07-14,invisible character show,0,1,0,43
2026-07-14,invisible character tiktok,0,2,0,6.5
2026-07-14,invisible character tiktok username,0,2,0,4
2026-07-14,invisible character.,0,2,0,40.5
2026-07-14,invisible name tag,0,1,0,24
2026-07-14,invisible name tiktok,0,1,0,33
2026-07-14,invisible name whatsapp,0,1,0,42
2026-07-14,invisible text copy paste,0,1,0,81
2026-07-14,invisible text for tiktok,0,1,0,11
2026-07-14,invisible text generator,0,2,0,59.5
2026-07-14,invisible text whatsapp,0,1,0,10
2026-07-14,invisible tiktok name,0,1,0,42
2026-07-14,invisible tiktok username,0,1,0,3
2026-07-14,invisible username tiktok generator free,0,2,0,8
2026-07-14,name invisible,0,1,0,40
2026-07-14,name space copy,0,1,0,69
2026-07-14,no nickname,0,1,0,34
2026-07-14,no text,0,1,0,67
2026-07-14,quillbot invisible character,0,1,0,84
2026-07-14,symbole invisible copier coller,0,1,0,10
2026-07-14,texte invisible,0,1,0,21
2026-07-14,texte invisible copier-coller,0,2,0,11
2026-07-14,the invisible character,0,1,0,50
2026-07-14,the invisible characters,0,1,0,53
2026-07-14,tiktok hidden name,0,2,0,25
2026-07-14,tiktok invisible character,0,1,0,15
2026-07-14,tiktok name copy and paste,0,2,0,29
2026-07-14,tiktok username unicode characters allowed,0,2,0,11
2026-07-14,unicode blank,0,1,0,56
2026-07-14,whatsapp blank chat,0,1,0,33
2026-07-14,whatsapp invisible,0,1,0,9
2026-07-15,blank character,0,4,0,70.75
2026-07-15,blank character ascii,0,1,0,66
2026-07-15,blank character copy,0,1,0,72
2026-07-15,blank comment,0,2,0,85.5
2026-07-15,blank copy and paste,0,2,0,75.5
2026-07-15,blank copy paste,0,2,0,70
2026-07-15,blank name,0,2,0,73.5
2026-07-15,blank space copy,0,2,0,71
2026-07-15,blank spaces copy and paste,0,1,0,30
2026-07-15,blank symbol,0,1,0,72
2026-07-15,blank text,0,2,0,63
2026-07-15,blank text generator,0,1,0,58
2026-07-15,blank unicode characters,0,1,0,68
2026-07-15,caractere invisible,0,1,0,5
2026-07-15,caractere invisible copier,0,3,0,10.666666666666666
2026-07-15,caracteres invisibles,0,1,0,11
2026-07-15,caractère invisible,0,22,0,9.454545454545455
2026-07-15,caractère invisible pour pseudo,0,2,0,9.5
2026-07-15,caractère invisible pour pseudo tiktok,0,1,0,10
2026-07-15,caractère invisible à copier coller tiktok,0,1,0,10
2026-07-15,copier blanc,0,1,0,5
2026-07-15,copy blank text,0,1,0,60
2026-07-15,copy paste blank space,0,1,0,85
2026-07-15,empty character,0,2,0,72.5
2026-07-15,empty character ascii,0,1,0,67
2026-07-15,empty message,0,1,0,54
2026-07-15,empty space copy and paste,0,1,0,76
2026-07-15,empty text,0,5,0,67.6
2026-07-15,empty text copy paste,0,1,0,79
2026-07-15,empty tiktok username,0,1,0,7
2026-07-15,emptycharacter,0,1,0,55
2026-07-15,espace invisible copier coller,0,1,0,9
2026-07-15,font blank,0,1,0,67
2026-07-15,how to get invis name,0,1,0,44
2026-07-15,imvu invisible name,0,1,0,39
2026-07-15,invisible character,0,3,0,52.333333333333336
2026-07-15,invisible character for tiktok,0,4,0,8.75
2026-07-15,invisible character for tiktok name,0,1,0,9
2026-07-15,invisible character for tiktok username,0,5,0,8.6
2026-07-15,invisible characters for tiktok username,0,1,0,7
2026-07-15,invisible display name,0,1,0,22
2026-07-15,invisible font generator,0,1,0,60
2026-07-15,invisible name,0,1,0,43
2026-07-15,invisible name generator,0,1,0,21
2026-07-15,invisible name symbol,0,1,0,41
2026-07-15,invisible number text,0,1,0,63
2026-07-15,invisible pseudo,0,1,0,10
2026-07-15,invisible text generator,0,1,0,61
2026-07-15,invisible text generator for tiktok,0,1,0,11
2026-07-15,invisible tiktok username,0,2,0,17.5
2026-07-15,invisible tiktok username copy and paste,0,2,0,7.5
2026-07-15,invisible user,0,2,0,12.5
2026-07-15,invisible username tiktok generator,0,16,0,8.75
2026-07-15,invisible username tiktok generator free,0,1,0,7
2026-07-15,invisible whatsapp,0,1,0,29
2026-07-15,no letters,0,1,0,83
2026-07-15,no text,0,1,0,76
2026-07-15,no text copy,0,1,0,69
2026-07-15,nothing in text,0,1,0,75
2026-07-15,texte invisible,0,3,0,20.666666666666668
2026-07-15,texte invisible copier-coller,0,1,0,11
2026-07-15,the invisible character,0,1,0,11
2026-07-15,tiktok invisible character,0,1,0,8
2026-07-15,whatsapp blank space,0,1,0,36
2026-07-16,black copy,0,1,0,68
2026-07-16,blank character,0,6,0,68.83333333333333
2026-07-16,blank character copy,0,2,0,65.5
2026-07-16,blank character copy paste,0,3,0,71.33333333333333
2026-07-16,blank character unicode,0,1,0,58
2026-07-16,blank copy and paste,0,4,0,80
2026-07-16,blank copy and paste tiktok,0,1,0,23
2026-07-16,blank copy paste,0,2,0,70
2026-07-16,blank empty,0,1,0,68
2026-07-16,blank letter,0,2,0,73
2026-07-16,blank message in whatsapp,0,1,0,33
2026-07-16,blank message text,0,1,0,65
2026-07-16,blank message whatsapp,0,1,0,39
2026-07-16,blank name copy and paste,0,1,0,65
2026-07-16,blank sentence,0,1,0,81
2026-07-16,blank space copy,0,2,0,76.5
2026-07-16,blank space copy paste,0,1,0,68
2026-07-16,blank space copy tiktok,0,1,0,46
2026-07-16,blank space text,0,1,0,65
2026-07-16,blank symbol,0,1,0,83
2026-07-16,blank text,0,3,0,64.33333333333334
2026-07-16,blank text copy,0,5,0,64.6
2026-07-16,blank text copy paste,0,3,0,68.33333333333333
2026-07-16,blank tiktok username,0,1,0,7
2026-07-16,blank unicode,0,1,0,64
2026-07-16,blank unicode character,0,1,0,65
2026-07-16,caractere invisible,0,1,0,9
2026-07-16,caractere invisible a copier,0,1,0,10
2026-07-16,caractere invisible copier,0,1,0,11
2026-07-16,caractère invisible,0,5,0,9.2
2026-07-16,caractère invisible discord,0,4,0,9.75
2026-07-16,caractère invisible à copier coller tiktok,0,1,0,11
2026-07-16,character invisible,0,2,0,26.5
2026-07-16,copy and paste blank,0,1,0,85
2026-07-16,copy and paste blank character,0,2,0,73
2026-07-16,copy blank space,0,1,0,17
2026-07-16,copy blank text,0,2,0,61.5
2026-07-16,copy paste blank,0,1,0,82
2026-07-16,copy paste blank text,0,1,0,72
2026-07-16,emoji invisible copier-coller,0,1,0,9
2026-07-16,empty blank,0,1,0,67
2026-07-16,empty blank space,0,1,0,67
2026-07-16,empty character,0,3,0,66.33333333333333
2026-07-16,empty character copy paste,0,1,0,72
2026-07-16,empty characters,0,1,0,71
2026-07-16,empty letter copy paste,0,1,0,73
2026-07-16,empty space copy paste,0,2,0,68
2026-07-16,empty space text,0,1,0,67
2026-07-16,empty text,0,1,0,64
2026-07-16,empty text copy,0,3,0,57.333333333333336
2026-07-16,empty text copy and paste,0,1,0,75
2026-07-16,empty text copy paste,0,3,0,63.666666666666664
2026-07-16,emptycharacter,0,2,0,58.5
2026-07-16,fake space character,0,1,0,76
2026-07-16,invisible character,0,7,0,48.142857142857146
2026-07-16,invisible character for fortnite name,0,1,0,26
2026-07-16,invisible character for tiktok,0,5,0,7.2
2026-07-16,invisible character for tiktok name,0,1,0,10
2026-07-16,invisible character for tiktok username,0,3,0,7.666666666666667
2026-07-16,invisible character tiktok name,0,1,0,5
2026-07-16,invisible name,0,1,0,44
2026-07-16,invisible name tiktok generator,0,2,0,9
2026-07-16,invisible names,0,1,0,29
2026-07-16,invisible text generator,0,2,0,57.5
2026-07-16,invisible text tiktok,0,1,0,50
2026-07-16,invisible tiktok username,0,1,0,16
2026-07-16,invisible user,0,1,0,7
2026-07-16,invisible username tiktok generator,0,19,0,8.947368421052632
2026-07-16,invisible word copy,0,1,0,75
2026-07-16,invisible words copy and paste,0,1,0,94
2026-07-16,messaggio vuoto whatsapp,0,1,0,56
2026-07-16,no text copy,0,1,0,60
2026-07-16,texte blanc a copier,0,1,0,9
2026-07-16,texte invisible,0,1,0,23
2026-07-16,texte invisible copier coller,0,1,0,11
2026-07-16,texte invisible copier-coller,0,1,0,11
2026-07-16,tiktok invisible character,0,1,0,5
2026-07-16,transparent text copy,0,2,0,63.5
2026-07-16,type blank,0,1,0,65
2026-07-16,unicode tiktok username,0,3,0,11
2026-07-16,vanish copy,0,1,0,14
2026-07-16,whatsapp empty message,0,1,0,50
2026-07-16,white space copy paste,0,1,0,67
2026-07-17,blank character,0,1,0,70
2026-07-17,blank letter,0,1,0,73
2026-07-17,blank message for whatsapp,0,1,0,38
2026-07-17,blank space copy,0,2,0,63
2026-07-17,blank text,0,2,0,72
2026-07-17,blank text box,0,1,0,69
2026-07-17,blank text copy,0,1,0,67
2026-07-17,blank text message,0,1,0,60
2026-07-17,blank tiktok name,0,1,0,6
2026-07-17,blank tiktok username,0,1,0,4
2026-07-17,blank username tiktok,0,1,0,6
2026-07-17,caractere invisible pour tiktok,0,1,0,7
2026-07-17,caractere invisible tiktok,0,2,0,9
2026-07-17,caractère invisible,0,7,0,9
2026-07-17,caractère invisible discord,0,4,0,10
2026-07-17,caractère invisible tiktok,0,1,0,7
2026-07-17,clear username,0,1,0,23
2026-07-17,copy blank text,0,2,0,60
2026-07-17,empty char,0,2,0,58
2026-07-17,empty character,0,2,0,70.5
2026-07-17,empty character copy,0,1,0,65
2026-07-17,empty characters,0,1,0,83
2026-07-17,empty space character,0,1,0,66
2026-07-17,empty space copy and paste,0,1,0,80
2026-07-17,empty text,0,1,0,75
2026-07-17,empty tiktok username,0,1,0,11
2026-07-17,emptycharacter com,0,1,0,40
2026-07-17,invisible character tiktok,0,5,0,4.4
2026-07-17,invisible character tiktok username,0,1,0,10
2026-07-17,invisible characters for tiktok,0,1,0,3
2026-07-17,invisible name,0,1,0,45
2026-07-17,invisible name generator,0,2,0,8.5
2026-07-17,invisible name tiktok generator,0,1,0,9
2026-07-17,invisible pseudo tiktok,0,1,0,9
2026-07-17,invisible tiktok character,0,1,0,5
2026-07-17,invisible username for tiktok,0,1,0,26
2026-07-17,invisible username tiktok,0,4,0,8.75
2026-07-17,invisible username tiktok generator,0,15,0,8.866666666666667
2026-07-17,invisible username tiktok generator free,0,2,0,10
2026-07-17,nom invisible copier-coller,0,1,0,4
2026-07-17,pseudo invisible tiktok,0,2,0,6.5
2026-07-17,texte blanc a copier,0,3,0,8.666666666666668
2026-07-17,texte blanc copier coller,0,2,0,10
2026-07-17,texte invisible,0,2,0,24
2026-07-17,texte invisible copier-coller,0,1,0,11
2026-07-17,texte invisible tiktok,0,1,0,5
2026-07-17,tiktok username unicode characters allowed official,0,1,0,11
2026-07-17,tiktok username unicode letters allowed,0,1,0,11
